[Header],,,
IEMFileVersion,4,,
Experiment,Name,,
Date,,,
Workflow,GenerateFASTQ,,
Application,NextSeq,FASTQ,Only
Assay,,,
Description,,,
Chemistry,Default,,
,,,
[Reads],,,
28,,,
10,,,
10,,,
84,,,
,,,
[Settings],,,
,,,
[Data],,,
Sample_ID,Sample_Name,index,index2,
WT_Exvivo_3expression_d7_02082021,WT_Exvivo_3expression_d7_02082021,GTAGACGAAA,ACCACACTAG,
Cas9_Exvivo_3expression_d7_02082021,Cas9_Exvivo_3expression_d7_02082021,GCAGTATAGG,GTGCACGGAA,
WT_Exvivo_sgRNA_d7_02082021,WT_Exvivo_sgRNA_d7_02082021,CTATGGCATC,GCGCTCAGAG,
Cas9_Exvivo_sgRNA_d7_02082021,Cas9_Exvivo_sgRNA_d7_02082021,AGGTCGTTAT,TGGATAACCT,
